client_reference,full_customer_name,contact_email,transaction_ref,item_reference,transaction_date,amount_paid,payment_status,delivery_status,customer_segment,region,product_line,quantity_ordered,unit_cost,total_value,discount_applied,shipping_fee,tax_amount,notes_comments,last_modified_timestamp
CLI_0315,Bob Wilson,reconcile1@test.com,TXN_00887,ITM_074,2/2/2023,59.63,COMPLETED,IN_TRANSIT,VIP,WEST,HOME,3,150.04,671.73,5.87,20.12,20.53,,2023-09-05T18:30:00.000Z
CLI_0419,Bob Wilson,reconcile2@test.com,TXN_00698,ITM_052,7/28/2023,226.56,COMPLETED,PENDING,VIP,EAST,FASHION,2,89.20,703.10,44.02,19.34,28.31,,2023-07-04T18:30:00.000Z
CLI_0265,Bob Wilson,reconcile3@test.com,TXN_00577,ITM_023,8/21/2023,484.21,COMPLETED,DELIVERED,STANDARD,NORTH,BOOKS,5,195.42,230.51,56.53,15.64,39.82,Additional processing required,2023-01-24T18:30:00.000Z
CLI_0477,Bob Wilson,reconcile4@test.com,TXN_00209,ITM_055,12/5/2023,704.19,COMPLETED,IN_TRANSIT,PREMIUM,EAST,FASHION,7,254.89,334.33,87.70,27.84,58.96,Additional processing required,2023-04-02T18:30:00.000Z
CLI_0149,Alice Johnson,reconcile5@test.com,TXN_00375,ITM_180,1/13/2023,1010.95,PENDING,DELIVERED,STANDARD,EAST,ELECTRONICS,5,248.45,268.63,8.43,9.42,31.65,,2023-12-17T18:30:00.000Z
CLI_0268,John Smith,reconcile6@test.com,TXN_00683,ITM_163,4/8/2023,700.89,COMPLETED,DELIVERED,VIP,NORTH,FASHION,7,215.14,302.11,99.08,20.85,60.24,Additional processing required,2023-06-23T18:30:00.000Z
CLI_0091,John Smith,reconcile7@test.com,TXN_00811,ITM_150,3/9/2023,339.90,PENDING,DELIVERED,VIP,EAST,ELECTRONICS,8,276.95,641.88,11.04,25.30,59.05,,2023-07-16T18:30:00.000Z
CLI_0220,Alice Johnson,reconcile8@test.com,TXN_00564,ITM_136,4/18/2023,708.48,FAILED,PENDING,PREMIUM,NORTH,FASHION,2,263.87,624.85,95.18,14.58,18.72,,2023-11-24T18:30:00.000Z
CLI_0408,Alice Johnson,reconcile9@test.com,TXN_00777,ITM_140,7/16/2023,925.07,FAILED,DELIVERED,PREMIUM,SOUTH,HOME,1,100.76,677.66,27.46,8.20,44.45,,2023-07-14T18:30:00.000Z
CLI_0441,Jane Doe,reconcile10@test.com,TXN_00788,ITM_029,6/12/2023,822.90,COMPLETED,IN_TRANSIT,PREMIUM,WEST,FASHION,5,178.43,380.28,5.32,11.73,52.55,,2023-01-01T18:30:00.000Z
CLI_0032,Jane Doe,reconcile11@test.com,TXN_00340,ITM_142,6/13/2023,143.92,COMPLETED,DELIVERED,VIP,WEST,ELECTRONICS,5,54.07,898.02,50.36,17.64,18.41,,2023-06-18T18:30:00.000Z
CLI_0031,Bob Wilson,reconcile12@test.com,TXN_00960,ITM_112,10/24/2023,1030.87,PENDING,IN_TRANSIT,STANDARD,WEST,HOME,8,239.81,833.85,57.25,6.64,16.01,,2023-06-11T18:30:00.000Z
CLI_0450,Alice Johnson,reconcile13@test.com,TXN_00297,ITM_170,4/20/2023,865.19,FAILED,PENDING,STANDARD,EAST,BOOKS,8,180.47,457.05,66.86,21.72,26.13,,2023-10-19T18:30:00.000Z
CLI_0137,John Smith,reconcile14@test.com,TXN_00369,ITM_173,12/15/2023,616.42,FAILED,PENDING,PREMIUM,EAST,FASHION,4,66.47,815.78,81.10,18.46,39.45,Additional processing required,2023-08-26T18:30:00.000Z
CLI_0183,Alice Johnson,reconcile15@test.com,TXN_00047,ITM_133,2/18/2023,484.14,COMPLETED,PENDING,VIP,NORTH,FASHION,8,184.82,112.77,39.08,29.01,38.00,,2023-12-12T18:30:00.000Z
CLI_0442,Jane Doe,reconcile16@test.com,TXN_00459,ITM_096,10/28/2023,719.51,PENDING,DELIVERED,VIP,EAST,FASHION,6,174.09,363.55,46.87,24.65,21.11,Additional processing required,2023-04-08T18:30:00.000Z
CLI_0129,Alice Johnson,reconcile17@test.com,TXN_00451,ITM_080,11/12/2023,763.64,PENDING,PENDING,VIP,SOUTH,BOOKS,9,24.56,832.99,65.06,18.53,8.26,Additional processing required,2023-06-20T18:30:00.000Z
CLI_0386,Bob Wilson,reconcile18@test.com,TXN_00226,ITM_166,10/21/2023,1034.77,PENDING,PENDING,VIP,WEST,FASHION,7,153.49,688.48,3.22,10.59,48.55,,2023-08-12T18:30:00.000Z
CLI_0210,Bob Wilson,reconcile19@test.com,TXN_00002,ITM_113,2/2/2023,196.65,PENDING,DELIVERED,PREMIUM,EAST,ELECTRONICS,7,195.93,853.14,4.63,20.67,37.76,,2023-04-30T18:30:00.000Z
CLI_0346,Bob Wilson,reconcile20@test.com,TXN_00995,ITM_128,11/26/2023,754.16,COMPLETED,IN_TRANSIT,PREMIUM,EAST,HOME,9,81.42,653.97,38.37,18.06,35.38,Additional processing required,2023-09-16T18:30:00.000Z
CLI_0052,Bob Wilson,reconcile21@test.com,TXN_00025,ITM_032,2/16/2023,656.63,FAILED,PENDING,VIP,SOUTH,HOME,10,128.06,212.67,90.47,18.99,62.93,,2023-03-11T18:30:00.000Z
CLI_0074,Jane Doe,reconcile22@test.com,TXN_00627,ITM_066,11/2/2023,636.40,COMPLETED,PENDING,STANDARD,SOUTH,BOOKS,9,37.56,166.35,19.74,16.21,43.94,,2023-02-05T18:30:00.000Z
CLI_0141,Jane Doe,reconcile23@test.com,TXN_00669,ITM_123,2/15/2023,710.60,PENDING,IN_TRANSIT,PREMIUM,SOUTH,HOME,5,20.26,547.34,36.57,13.74,26.82,,2023-12-20T18:30:00.000Z
CLI_0059,John Smith,reconcile24@test.com,TXN_00739,ITM_013,9/20/2023,453.63,FAILED,IN_TRANSIT,STANDARD,SOUTH,HOME,6,57.27,383.14,11.39,9.13,56.29,,2023-08-08T18:30:00.000Z
CLI_0124,John Smith,reconcile25@test.com,TXN_00763,ITM_094,12/4/2023,780.70,COMPLETED,DELIVERED,PREMIUM,EAST,ELECTRONICS,6,31.24,273.86,5.14,27.57,8.80,,2023-04-06T18:30:00.000Z
CLI_0046,Alice Johnson,reconcile26@test.com,TXN_00053,ITM_037,9/24/2023,134.79,FAILED,IN_TRANSIT,VIP,SOUTH,HOME,3,178.44,440.02,37.28,8.48,18.64,,2023-07-11T18:30:00.000Z
CLI_0364,Bob Wilson,reconcile27@test.com,TXN_00732,ITM_068,6/7/2023,839.33,FAILED,DELIVERED,STANDARD,WEST,HOME,9,141.16,656.15,23.85,21.01,22.43,Additional processing required,2023-03-21T18:30:00.000Z
CLI_0429,Bob Wilson,reconcile28@test.com,TXN_00721,ITM_090,7/2/2023,610.63,FAILED,IN_TRANSIT,STANDARD,WEST,BOOKS,3,118.38,558.95,1.91,19.36,28.73,Additional processing required,2023-07-12T18:30:00.000Z
CLI_0023,Alice Johnson,reconcile29@test.com,TXN_00574,ITM_049,11/7/2023,541.62,FAILED,DELIVERED,STANDARD,NORTH,BOOKS,10,65.21,395.58,5.60,5.35,33.43,Additional processing required,2023-06-01T18:30:00.000Z
CLI_0242,Bob Wilson,reconcile30@test.com,TXN_00480,ITM_004,5/5/2023,506.36,COMPLETED,PENDING,VIP,SOUTH,FASHION,1,25.31,464.40,66.32,19.60,43.71,,2023-02-25T18:30:00.000Z
CLI_0363,Alice Johnson,reconcile31@test.com,TXN_00070,ITM_023,3/25/2023,1007.04,COMPLETED,DELIVERED,VIP,WEST,FASHION,2,109.96,722.91,49.77,5.90,56.96,,2023-08-03T18:30:00.000Z
CLI_0335,Jane Doe,reconcile32@test.com,TXN_00858,ITM_131,9/18/2023,420.45,COMPLETED,PENDING,STANDARD,NORTH,ELECTRONICS,4,240.06,735.27,48.17,14.84,54.03,,2023-08-17T18:30:00.000Z
CLI_0352,Alice Johnson,reconcile33@test.com,TXN_00805,ITM_158,10/6/2023,706.60,FAILED,IN_TRANSIT,VIP,NORTH,ELECTRONICS,7,251.93,565.88,21.84,18.73,24.35,,2023-08-04T18:30:00.000Z
CLI_0291,John Smith,reconcile34@test.com,TXN_00737,ITM_175,7/18/2023,987.94,PENDING,PENDING,PREMIUM,NORTH,ELECTRONICS,9,33.96,359.68,33.60,11.44,45.97,,2023-01-05T18:30:00.000Z
CLI_0457,Alice Johnson,reconcile35@test.com,TXN_00807,ITM_039,12/9/2023,885.94,FAILED,DELIVERED,STANDARD,NORTH,ELECTRONICS,2,88.15,863.24,39.22,5.39,28.69,,2023-04-20T18:30:00.000Z
CLI_0200,John Smith,reconcile36@test.com,TXN_00389,ITM_024,9/11/2023,457.73,COMPLETED,PENDING,STANDARD,NORTH,ELECTRONICS,4,185.26,589.65,28.92,19.64,12.51,,2023-07-16T18:30:00.000Z
CLI_0316,Bob Wilson,reconcile37@test.com,TXN_00953,ITM_087,10/10/2023,587.52,COMPLETED,PENDING,PREMIUM,SOUTH,ELECTRONICS,8,38.58,848.83,80.14,11.95,62.45,,2023-06-27T18:30:00.000Z
CLI_0192,John Smith,reconcile38@test.com,TXN_00115,ITM_192,2/2/2023,154.41,FAILED,DELIVERED,STANDARD,NORTH,ELECTRONICS,3,250.45,504.16,64.48,13.37,55.77,Additional processing required,2023-08-10T18:30:00.000Z
CLI_0275,John Smith,reconcile39@test.com,TXN_00985,ITM_085,2/2/2023,808.71,FAILED,PENDING,PREMIUM,WEST,ELECTRONICS,10,208.08,839.79,72.14,12.37,17.92,,2023-05-16T18:30:00.000Z
CLI_0181,John Smith,reconcile40@test.com,TXN_00258,ITM_174,6/9/2023,616.90,FAILED,IN_TRANSIT,STANDARD,EAST,HOME,5,259.33,465.15,16.26,10.32,15.82,Additional processing required,2023-12-27T18:30:00.000Z
CLI_0052,Bob Wilson,reconcile41@test.com,TXN_00110,ITM_051,1/15/2023,276.36,COMPLETED,DELIVERED,STANDARD,NORTH,HOME,8,69.98,560.88,11.27,22.16,38.94,,2023-09-18T18:30:00.000Z
CLI_0084,Jane Doe,reconcile42@test.com,TXN_00132,ITM_151,8/3/2023,802.61,FAILED,DELIVERED,VIP,WEST,BOOKS,3,197.09,622.20,51.88,25.31,17.51,Additional processing required,2023-05-31T18:30:00.000Z
CLI_0314,Jane Doe,reconcile43@test.com,TXN_00492,ITM_083,11/1/2023,584.09,FAILED,DELIVERED,STANDARD,NORTH,HOME,10,272.81,767.86,11.78,8.37,5.05,,2023-03-01T18:30:00.000Z
CLI_0451,John Smith,reconcile44@test.com,TXN_00939,ITM_194,7/8/2023,310.94,FAILED,DELIVERED,VIP,WEST,HOME,7,195.27,798.54,82.19,5.94,19.30,Additional processing required,2023-04-06T18:30:00.000Z
CLI_0236,Bob Wilson,reconcile45@test.com,TXN_00195,ITM_114,2/23/2023,656.68,FAILED,IN_TRANSIT,PREMIUM,SOUTH,FASHION,8,125.37,305.01,18.48,11.82,11.16,,2023-07-12T18:30:00.000Z
CLI_0042,Jane Doe,reconcile46@test.com,TXN_00928,ITM_036,2/7/2023,321.51,PENDING,PENDING,PREMIUM,WEST,FASHION,10,262.96,864.43,63.89,12.41,55.89,,2023-01-11T18:30:00.000Z
CLI_0182,Alice Johnson,reconcile47@test.com,TXN_00125,ITM_116,11/20/2023,431.60,FAILED,DELIVERED,VIP,WEST,HOME,10,53.07,894.39,45.41,21.86,55.51,,2023-07-05T18:30:00.000Z
CLI_0478,John Smith,reconcile48@test.com,TXN_00144,ITM_098,8/27/2023,624.21,COMPLETED,PENDING,PREMIUM,WEST,HOME,10,98.58,559.23,1.89,19.27,44.68,,2023-07-27T18:30:00.000Z
CLI_0004,Alice Johnson,reconcile49@test.com,TXN_00551,ITM_169,10/7/2023,132.10,PENDING,DELIVERED,VIP,NORTH,ELECTRONICS,8,281.83,300.09,13.38,24.87,46.44,,2023-05-14T18:30:00.000Z
CLI_0286,Jane Doe,reconcile50@test.com,TXN_00515,ITM_065,8/19/2023,586.98,COMPLETED,PENDING,STANDARD,WEST,HOME,8,280.14,241.14,30.23,20.79,40.73,,2023-02-01T18:30:00.000Z
CLI_0358,John Smith,reconcile51@test.com,TXN_00869,ITM_046,8/27/2023,61.09,FAILED,IN_TRANSIT,STANDARD,SOUTH,HOME,7,92.98,198.89,36.51,27.98,47.21,,2023-03-17T18:30:00.000Z
CLI_0084,Alice Johnson,reconcile52@test.com,TXN_00074,ITM_024,3/9/2023,276.77,PENDING,DELIVERED,VIP,SOUTH,BOOKS,6,169.42,573.95,84.75,15.47,60.97,Additional processing required,2023-05-14T18:30:00.000Z
CLI_0367,Alice Johnson,reconcile53@test.com,TXN_00021,ITM_166,3/5/2023,675.21,FAILED,DELIVERED,VIP,EAST,HOME,4,82.36,398.42,7.98,25.20,29.45,,2023-09-08T18:30:00.000Z
CLI_0055,John Smith,reconcile54@test.com,TXN_00366,ITM_165,2/28/2023,606.55,FAILED,IN_TRANSIT,STANDARD,SOUTH,HOME,1,188.36,174.66,97.22,7.31,31.31,Additional processing required,2023-09-04T18:30:00.000Z
CLI_0429,Alice Johnson,reconcile55@test.com,TXN_00448,ITM_047,9/7/2023,850.73,FAILED,IN_TRANSIT,VIP,SOUTH,ELECTRONICS,6,40.00,444.23,86.77,28.21,41.13,Additional processing required,2023-03-13T18:30:00.000Z
CLI_0196,Bob Wilson,reconcile56@test.com,TXN_00036,ITM_180,8/11/2023,576.88,FAILED,IN_TRANSIT,VIP,SOUTH,HOME,9,159.30,549.62,69.59,14.04,44.43,,2023-10-05T18:30:00.000Z
CLI_0149,Alice Johnson,reconcile57@test.com,TXN_00448,ITM_059,4/28/2023,620.56,COMPLETED,IN_TRANSIT,PREMIUM,EAST,FASHION,7,230.10,461.40,45.77,8.19,33.22,,2023-02-25T18:30:00.000Z
CLI_0117,Jane Doe,reconcile58@test.com,TXN_00359,ITM_050,2/19/2023,87.39,COMPLETED,IN_TRANSIT,PREMIUM,NORTH,ELECTRONICS,8,188.78,206.83,29.33,22.52,29.40,,2023-05-17T18:30:00.000Z
CLI_0481,Alice Johnson,reconcile59@test.com,TXN_00805,ITM_015,6/14/2023,554.29,FAILED,IN_TRANSIT,STANDARD,SOUTH,ELECTRONICS,7,109.30,626.42,31.73,12.30,41.95,Additional processing required,2023-06-30T18:30:00.000Z
CLI_0097,Alice Johnson,reconcile60@test.com,TXN_00754,ITM_083,7/20/2023,462.67,FAILED,IN_TRANSIT,PREMIUM,WEST,HOME,10,104.88,843.42,41.61,22.92,30.94,Additional processing required,2023-05-31T18:30:00.000Z
CLI_0126,Alice Johnson,reconcile61@test.com,TXN_00605,ITM_077,9/16/2023,894.59,PENDING,IN_TRANSIT,VIP,NORTH,HOME,2,117.87,725.75,68.24,25.03,23.14,,2023-07-22T18:30:00.000Z
CLI_0163,Alice Johnson,reconcile62@test.com,TXN_00315,ITM_010,5/3/2023,218.36,FAILED,IN_TRANSIT,PREMIUM,SOUTH,HOME,8,71.92,143.79,76.31,8.47,51.66,,2023-09-18T18:30:00.000Z
CLI_0399,Bob Wilson,reconcile63@test.com,TXN_00632,ITM_039,3/20/2023,920.37,PENDING,DELIVERED,VIP,NORTH,BOOKS,7,225.12,632.12,23.83,6.86,11.46,Additional processing required,2023-09-01T18:30:00.000Z
CLI_0097,Alice Johnson,reconcile64@test.com,TXN_00797,ITM_021,2/13/2023,773.78,FAILED,IN_TRANSIT,VIP,NORTH,BOOKS,9,245.18,550.26,61.41,23.10,61.36,,2023-06-22T18:30:00.000Z
CLI_0265,Alice Johnson,reconcile65@test.com,TXN_00619,ITM_110,11/23/2023,939.74,PENDING,PENDING,VIP,WEST,FASHION,2,301.07,501.71,47.93,10.86,12.75,,2023-07-16T18:30:00.000Z
CLI_0335,Jane Doe,reconcile66@test.com,TXN_00883,ITM_163,6/28/2023,780.95,COMPLETED,PENDING,PREMIUM,NORTH,ELECTRONICS,7,25.44,802.81,56.77,20.33,62.39,,2023-05-13T18:30:00.000Z
CLI_0266,Alice Johnson,reconcile67@test.com,TXN_00674,ITM_008,3/27/2023,590.55,PENDING,PENDING,STANDARD,WEST,FASHION,2,122.79,832.24,94.04,5.15,11.36,,2023-07-19T18:30:00.000Z
CLI_0162,Alice Johnson,reconcile68@test.com,TXN_00212,ITM_079,1/26/2023,190.07,PENDING,PENDING,VIP,NORTH,FASHION,1,279.07,431.57,92.76,18.02,20.08,,2023-08-05T18:30:00.000Z
CLI_0070,John Smith,reconcile69@test.com,TXN_00095,ITM_004,6/28/2023,403.12,COMPLETED,DELIVERED,STANDARD,WEST,ELECTRONICS,4,196.36,561.97,28.88,10.81,55.10,Additional processing required,2023-09-04T18:30:00.000Z
CLI_0471,Alice Johnson,reconcile70@test.com,TXN_00953,ITM_073,11/18/2023,975.54,PENDING,PENDING,PREMIUM,WEST,ELECTRONICS,4,224.15,815.09,66.60,18.01,38.95,Additional processing required,2023-05-01T18:30:00.000Z
CLI_0143,Jane Doe,reconcile71@test.com,TXN_00225,ITM_005,1/21/2023,696.91,PENDING,DELIVERED,PREMIUM,SOUTH,HOME,4,252.01,439.75,57.17,12.99,18.37,,2023-08-07T18:30:00.000Z
CLI_0052,John Smith,reconcile72@test.com,TXN_00603,ITM_193,2/1/2023,138.39,FAILED,IN_TRANSIT,STANDARD,NORTH,ELECTRONICS,7,142.98,469.34,78.08,9.50,54.42,,2023-02-12T18:30:00.000Z
CLI_0256,Alice Johnson,reconcile73@test.com,TXN_00719,ITM_121,3/2/2023,187.84,COMPLETED,DELIVERED,VIP,WEST,ELECTRONICS,6,300.24,733.86,8.67,24.31,40.49,,2023-11-15T18:30:00.000Z
CLI_0165,John Smith,reconcile74@test.com,TXN_00630,ITM_008,3/4/2023,306.10,COMPLETED,IN_TRANSIT,PREMIUM,WEST,ELECTRONICS,5,93.25,229.07,29.19,24.02,24.19,Additional processing required,2023-03-27T18:30:00.000Z
CLI_0034,Jane Doe,reconcile75@test.com,TXN_00678,ITM_184,6/24/2023,473.36,PENDING,IN_TRANSIT,PREMIUM,NORTH,HOME,7,304.07,159.15,35.14,11.51,51.98,,2023-07-06T18:30:00.000Z
CLI_0389,Jane Doe,reconcile76@test.com,TXN_00338,ITM_176,9/28/2023,270.68,FAILED,PENDING,VIP,NORTH,BOOKS,8,281.19,665.70,21.20,22.80,64.47,Additional processing required,2023-04-07T18:30:00.000Z
CLI_0277,Alice Johnson,reconcile77@test.com,TXN_00626,ITM_166,2/28/2023,354.12,FAILED,IN_TRANSIT,STANDARD,SOUTH,FASHION,1,21.33,708.25,62.61,5.98,59.92,,2023-01-20T18:30:00.000Z
CLI_0444,Jane Doe,reconcile78@test.com,TXN_00718,ITM_043,1/3/2023,607.86,COMPLETED,PENDING,STANDARD,NORTH,HOME,5,133.33,863.16,31.61,13.72,60.81,,2023-03-16T18:30:00.000Z
CLI_0388,Bob Wilson,reconcile79@test.com,TXN_00260,ITM_042,4/19/2023,388.52,PENDING,PENDING,PREMIUM,NORTH,BOOKS,4,209.68,862.39,72.93,25.81,52.31,,2023-11-12T18:30:00.000Z
CLI_0080,Alice Johnson,reconcile80@test.com,TXN_00075,ITM_067,10/6/2023,415.45,FAILED,DELIVERED,STANDARD,WEST,HOME,7,163.57,287.10,65.55,10.13,46.31,,2023-06-10T18:30:00.000Z
CLI_0363,John Smith,reconcile81@test.com,TXN_00469,ITM_082,4/17/2023,367.89,FAILED,IN_TRANSIT,PREMIUM,WEST,HOME,5,12.38,418.09,20.93,7.42,49.11,,2023-11-19T18:30:00.000Z
CLI_0033,Jane Doe,reconcile82@test.com,TXN_00374,ITM_059,8/13/2023,1045.77,PENDING,PENDING,PREMIUM,SOUTH,FASHION,9,68.92,496.41,83.32,26.46,48.82,,2023-10-18T18:30:00.000Z
CLI_0369,Jane Doe,reconcile83@test.com,TXN_00015,ITM_097,6/17/2023,372.53,FAILED,IN_TRANSIT,PREMIUM,NORTH,FASHION,3,291.10,383.79,86.21,22.22,18.58,,2023-04-18T18:30:00.000Z
CLI_0481,Jane Doe,reconcile84@test.com,TXN_00195,ITM_036,7/6/2023,318.62,COMPLETED,DELIVERED,PREMIUM,EAST,HOME,9,30.37,368.96,25.96,28.04,8.40,Additional processing required,2023-10-20T18:30:00.000Z
CLI_0499,Bob Wilson,reconcile85@test.com,TXN_00817,ITM_107,1/7/2023,287.32,PENDING,DELIVERED,PREMIUM,NORTH,ELECTRONICS,10,199.39,225.90,77.13,26.13,40.34,,2023-10-16T18:30:00.000Z
CLI_0486,Bob Wilson,reconcile86@test.com,TXN_00198,ITM_064,1/6/2023,617.52,COMPLETED,DELIVERED,STANDARD,SOUTH,ELECTRONICS,9,207.43,319.13,8.76,24.13,32.45,,2023-05-31T18:30:00.000Z
CLI_0092,Bob Wilson,reconcile87@test.com,TXN_00835,ITM_197,11/17/2023,745.70,FAILED,IN_TRANSIT,VIP,WEST,HOME,2,31.81,253.93,52.88,18.45,29.22,Additional processing required,2023-11-30T18:30:00.000Z
CLI_0381,Alice Johnson,reconcile88@test.com,TXN_00706,ITM_049,1/16/2023,1045.58,PENDING,DELIVERED,PREMIUM,WEST,HOME,8,117.03,509.10,57.43,27.37,39.30,Additional processing required,2023-05-21T18:30:00.000Z
CLI_0458,Alice Johnson,reconcile89@test.com,TXN_00071,ITM_061,12/13/2023,188.82,PENDING,PENDING,PREMIUM,NORTH,FASHION,5,102.62,659.25,32.36,14.98,40.10,,2023-09-07T18:30:00.000Z
CLI_0414,Jane Doe,reconcile90@test.com,TXN_00774,ITM_066,6/1/2023,120.54,PENDING,PENDING,STANDARD,EAST,HOME,7,254.05,864.97,8.85,8.68,32.22,Additional processing required,2023-11-03T18:30:00.000Z
CLI_0181,John Smith,reconcile91@test.com,TXN_00356,ITM_116,4/16/2023,524.07,PENDING,PENDING,STANDARD,NORTH,BOOKS,8,237.45,899.71,29.40,8.58,39.80,Additional processing required,2023-11-08T18:30:00.000Z
CLI_0036,Bob Wilson,reconcile92@test.com,TXN_00935,ITM_046,9/10/2023,731.60,PENDING,DELIVERED,PREMIUM,NORTH,FASHION,8,145.16,544.96,25.52,27.39,46.21,,2023-04-01T18:30:00.000Z
CLI_0398,Alice Johnson,reconcile93@test.com,TXN_00042,ITM_068,10/11/2023,654.29,FAILED,IN_TRANSIT,VIP,NORTH,FASHION,6,308.55,229.45,34.53,14.73,32.16,Additional processing required,2023-08-25T18:30:00.000Z
CLI_0411,John Smith,reconcile94@test.com,TXN_00984,ITM_185,4/3/2023,567.55,COMPLETED,PENDING,VIP,NORTH,BOOKS,10,51.56,681.49,29.00,18.86,39.51,Additional processing required,2023-09-24T18:30:00.000Z
CLI_0461,Bob Wilson,reconcile95@test.com,TXN_00762,ITM_119,11/2/2023,626.21,COMPLETED,PENDING,VIP,EAST,FASHION,4,296.25,185.30,91.64,29.19,56.29,,2023-10-15T18:30:00.000Z
CLI_0167,John Smith,reconcile96@test.com,TXN_00075,ITM_173,11/19/2023,304.98,FAILED,DELIVERED,PREMIUM,NORTH,BOOKS,1,301.61,431.86,4.33,16.34,54.79,,2023-11-04T18:30:00.000Z
CLI_0105,Bob Wilson,reconcile97@test.com,TXN_00050,ITM_164,9/18/2023,800.45,FAILED,DELIVERED,STANDARD,NORTH,HOME,2,183.68,235.72,54.13,16.04,35.44,Additional processing required,2023-01-01T18:30:00.000Z
CLI_0244,Bob Wilson,reconcile98@test.com,TXN_00409,ITM_190,2/16/2023,117.32,COMPLETED,DELIVERED,VIP,WEST,ELECTRONICS,2,41.12,162.20,59.98,18.49,15.69,,2023-06-23T18:30:00.000Z
CLI_0054,John Smith,reconcile99@test.com,TXN_00495,ITM_189,9/17/2023,541.14,PENDING,IN_TRANSIT,PREMIUM,EAST,FASHION,4,38.51,222.21,8.48,8.44,25.40,Additional processing required,2023-10-17T18:30:00.000Z
CLI_0118,Alice Johnson,reconcile100@test.com,TXN_00977,ITM_050,6/3/2023,726.26,PENDING,DELIVERED,STANDARD,SOUTH,FASHION,2,127.55,781.65,38.84,21.58,6.07,,2023-03-25T18:30:00.000Z
CLI_0369,Jane Doe,reconcile101@test.com,TXN_00936,ITM_042,10/17/2023,675.07,COMPLETED,IN_TRANSIT,PREMIUM,SOUTH,BOOKS,4,147.81,856.22,86.51,12.20,35.66,,2023-02-15T18:30:00.000Z
CLI_0497,Alice Johnson,reconcile102@test.com,TXN_00179,ITM_143,12/3/2023,720.45,COMPLETED,IN_TRANSIT,VIP,EAST,FASHION,10,48.55,241.32,80.93,6.37,60.62,Additional processing required,2023-03-01T18:30:00.000Z
CLI_0043,Bob Wilson,reconcile103@test.com,TXN_00320,ITM_197,12/20/2023,341.58,PENDING,IN_TRANSIT,VIP,WEST,ELECTRONICS,7,84.09,745.74,50.31,16.08,61.34,,2023-02-19T18:30:00.000Z
CLI_0325,John Smith,reconcile104@test.com,TXN_00855,ITM_114,8/9/2023,260.56,COMPLETED,IN_TRANSIT,PREMIUM,SOUTH,HOME,10,140.66,532.70,1.20,10.26,18.68,,2023-07-02T18:30:00.000Z
CLI_0175,Alice Johnson,reconcile105@test.com,TXN_00201,ITM_045,5/19/2023,318.17,PENDING,IN_TRANSIT,STANDARD,WEST,BOOKS,1,152.95,549.47,89.50,22.80,52.53,,2023-08-18T18:30:00.000Z
CLI_0433,Jane Doe,reconcile106@test.com,TXN_00287,ITM_112,8/22/2023,543.30,FAILED,PENDING,STANDARD,SOUTH,BOOKS,9,121.03,499.42,18.46,11.82,26.46,,2023-12-06T18:30:00.000Z
CLI_0269,Alice Johnson,reconcile107@test.com,TXN_00457,ITM_175,8/9/2023,568.10,PENDING,IN_TRANSIT,PREMIUM,EAST,BOOKS,8,261.16,388.34,49.82,24.12,54.08,Additional processing required,2023-06-08T18:30:00.000Z
CLI_0392,John Smith,reconcile108@test.com,TXN_00565,ITM_097,6/22/2023,110.40,COMPLETED,DELIVERED,PREMIUM,NORTH,FASHION,7,18.16,429.71,1.69,23.03,50.97,,2023-12-13T18:30:00.000Z
CLI_0051,Jane Doe,reconcile109@test.com,TXN_00309,ITM_009,6/15/2023,558.99,COMPLETED,IN_TRANSIT,VIP,SOUTH,BOOKS,6,268.53,809.39,15.36,19.05,43.60,,2023-08-31T18:30:00.000Z
CLI_0360,Jane Doe,reconcile110@test.com,TXN_00240,ITM_027,2/20/2023,223.34,PENDING,PENDING,STANDARD,NORTH,BOOKS,9,154.67,410.57,10.62,6.38,50.45,,2023-12-13T18:30:00.000Z
CLI_0346,Bob Wilson,reconcile111@test.com,TXN_00333,ITM_043,4/17/2023,230.31,FAILED,PENDING,STANDARD,WEST,BOOKS,10,45.17,791.61,35.52,5.49,29.62,Additional processing required,2023-11-20T18:30:00.000Z
CLI_0142,John Smith,reconcile112@test.com,TXN_00445,ITM_200,6/2/2023,791.56,PENDING,DELIVERED,STANDARD,NORTH,BOOKS,1,56.76,778.60,53.66,5.23,31.34,,2023-04-24T18:30:00.000Z
CLI_0446,Bob Wilson,reconcile113@test.com,TXN_00866,ITM_162,9/2/2023,255.24,FAILED,PENDING,STANDARD,NORTH,BOOKS,2,25.07,797.04,71.39,23.38,58.85,Additional processing required,2023-06-27T18:30:00.000Z
CLI_0465,Jane Doe,reconcile114@test.com,TXN_00906,ITM_115,4/21/2023,273.37,PENDING,PENDING,STANDARD,NORTH,FASHION,2,307.63,548.16,94.71,12.26,36.72,Additional processing required,2023-05-07T18:30:00.000Z
CLI_0119,John Smith,reconcile115@test.com,TXN_00687,ITM_046,12/20/2023,55.34,FAILED,DELIVERED,STANDARD,NORTH,HOME,10,20.40,588.14,32.88,5.74,41.50,,2023-08-22T18:30:00.000Z
CLI_0023,Jane Doe,reconcile116@test.com,TXN_00056,ITM_085,1/16/2023,939.90,COMPLETED,IN_TRANSIT,VIP,EAST,BOOKS,2,288.15,693.17,70.35,22.20,45.55,Additional processing required,2023-10-24T18:30:00.000Z
CLI_0061,Alice Johnson,reconcile117@test.com,TXN_00496,ITM_054,11/27/2023,980.92,FAILED,DELIVERED,PREMIUM,SOUTH,BOOKS,1,141.09,778.59,73.10,21.74,59.05,Additional processing required,2023-05-15T18:30:00.000Z
CLI_0156,Jane Doe,reconcile118@test.com,TXN_00642,ITM_102,6/22/2023,493.16,FAILED,PENDING,VIP,NORTH,BOOKS,2,289.95,166.82,59.12,16.29,8.38,,2023-06-16T18:30:00.000Z
CLI_0088,Alice Johnson,reconcile119@test.com,TXN_00523,ITM_169,4/11/2023,1032.39,FAILED,DELIVERED,PREMIUM,EAST,BOOKS,5,69.17,214.77,88.21,7.25,26.89,,2023-08-08T18:30:00.000Z
CLI_0322,Jane Doe,reconcile120@test.com,TXN_00320,ITM_052,4/3/2023,735.92,PENDING,IN_TRANSIT,PREMIUM,SOUTH,ELECTRONICS,2,107.01,385.44,82.06,20.44,49.28,Additional processing required,2023-11-27T18:30:00.000Z
CLI_0290,John Smith,reconcile121@test.com,TXN_00835,ITM_170,11/12/2023,786.27,PENDING,PENDING,VIP,EAST,BOOKS,9,285.66,541.67,79.10,15.29,47.87,,2023-03-26T18:30:00.000Z
CLI_0471,Bob Wilson,reconcile122@test.com,TXN_00954,ITM_195,4/1/2023,776.58,FAILED,PENDING,VIP,NORTH,FASHION,7,281.75,732.67,34.43,10.81,14.79,Additional processing required,2023-06-15T18:30:00.000Z
CLI_0400,Jane Doe,reconcile123@test.com,TXN_00004,ITM_164,10/3/2023,826.34,PENDING,IN_TRANSIT,PREMIUM,SOUTH,FASHION,3,65.91,172.35,35.10,7.62,10.13,,2023-01-20T18:30:00.000Z
CLI_0299,John Smith,reconcile124@test.com,TXN_00291,ITM_161,9/5/2023,93.50,FAILED,IN_TRANSIT,STANDARD,EAST,BOOKS,9,94.31,156.29,45.48,15.48,29.39,,2023-10-25T18:30:00.000Z
CLI_0487,Bob Wilson,reconcile125@test.com,TXN_00881,ITM_064,8/27/2023,177.04,PENDING,DELIVERED,PREMIUM,EAST,FASHION,10,184.76,673.73,69.55,15.75,20.49,Additional processing required,2023-02-19T18:30:00.000Z
CLI_0289,Jane Doe,reconcile126@test.com,TXN_00285,ITM_173,9/22/2023,1029.27,FAILED,DELIVERED,PREMIUM,EAST,ELECTRONICS,5,233.71,887.70,11.19,26.41,24.60,,2023-04-15T18:30:00.000Z
CLI_0495,Alice Johnson,reconcile127@test.com,TXN_00175,ITM_181,11/4/2023,1044.21,PENDING,IN_TRANSIT,STANDARD,SOUTH,HOME,8,107.04,760.41,45.30,24.30,48.25,Additional processing required,2023-05-03T18:30:00.000Z
CLI_0429,Alice Johnson,reconcile128@test.com,TXN_00292,ITM_085,10/16/2023,1009.53,PENDING,PENDING,VIP,NORTH,ELECTRONICS,6,134.61,353.85,28.05,8.42,61.31,,2023-02-21T18:30:00.000Z
CLI_0476,Jane Doe,reconcile129@test.com,TXN_00312,ITM_157,4/19/2023,987.36,COMPLETED,DELIVERED,PREMIUM,SOUTH,FASHION,5,127.65,810.23,26.10,20.11,32.16,,2023-11-23T18:30:00.000Z
CLI_0261,John Smith,reconcile130@test.com,TXN_00862,ITM_033,10/19/2023,780.12,FAILED,IN_TRANSIT,VIP,WEST,BOOKS,5,57.15,164.02,27.88,23.86,56.56,,2023-10-12T18:30:00.000Z
CLI_0186,Bob Wilson,reconcile131@test.com,TXN_00242,ITM_084,10/18/2023,493.85,FAILED,IN_TRANSIT,PREMIUM,SOUTH,ELECTRONICS,3,134.20,671.42,56.51,29.56,46.69,Additional processing required,2023-03-26T18:30:00.000Z
CLI_0206,Bob Wilson,reconcile132@test.com,TXN_00172,ITM_020,2/18/2023,928.43,COMPLETED,DELIVERED,VIP,NORTH,HOME,6,133.16,323.14,97.35,14.05,61.92,,2023-08-19T18:30:00.000Z
CLI_0387,Jane Doe,reconcile133@test.com,TXN_00583,ITM_162,2/15/2023,355.16,COMPLETED,DELIVERED,PREMIUM,EAST,HOME,1,202.92,545.73,45.16,17.31,47.57,Additional processing required,2023-05-09T18:30:00.000Z
CLI_0161,Alice Johnson,reconcile134@test.com,TXN_00946,ITM_022,5/2/2023,194.33,COMPLETED,DELIVERED,PREMIUM,WEST,FASHION,2,293.78,872.44,26.96,19.12,35.93,,2023-07-01T18:30:00.000Z
CLI_0138,Alice Johnson,reconcile135@test.com,TXN_00219,ITM_069,3/16/2023,768.22,PENDING,DELIVERED,PREMIUM,NORTH,BOOKS,8,204.87,181.09,92.50,15.16,48.71,Additional processing required,2023-02-15T18:30:00.000Z
CLI_0110,Jane Doe,reconcile136@test.com,TXN_00025,ITM_184,9/14/2023,205.35,COMPLETED,PENDING,STANDARD,SOUTH,BOOKS,1,189.17,182.99,43.35,22.23,8.77,Additional processing required,2023-05-11T18:30:00.000Z
CLI_0042,Jane Doe,reconcile137@test.com,TXN_00797,ITM_049,4/27/2023,553.81,COMPLETED,PENDING,PREMIUM,SOUTH,HOME,8,265.31,862.55,84.71,8.73,37.46,Additional processing required,2023-10-07T18:30:00.000Z
CLI_0314,Jane Doe,reconcile138@test.com,TXN_00111,ITM_168,5/11/2023,120.60,FAILED,DELIVERED,VIP,SOUTH,ELECTRONICS,3,49.24,678.42,76.79,16.22,40.27,,2023-01-31T18:30:00.000Z
CLI_0445,Alice Johnson,reconcile139@test.com,TXN_00766,ITM_189,4/21/2023,800.24,PENDING,DELIVERED,PREMIUM,EAST,HOME,2,217.48,124.06,45.13,22.64,16.20,Additional processing required,2023-04-03T18:30:00.000Z
CLI_0389,Jane Doe,reconcile140@test.com,TXN_00099,ITM_145,1/17/2023,849.94,FAILED,PENDING,PREMIUM,NORTH,BOOKS,4,257.65,700.06,74.40,16.49,11.67,,2023-12-02T18:30:00.000Z
CLI_0075,John Smith,reconcile141@test.com,TXN_00015,ITM_147,1/4/2023,310.15,COMPLETED,IN_TRANSIT,VIP,WEST,ELECTRONICS,4,149.99,502.74,46.95,28.21,49.22,,2023-07-13T18:30:00.000Z
CLI_0145,John Smith,reconcile142@test.com,TXN_00371,ITM_151,3/8/2023,306.11,COMPLETED,IN_TRANSIT,PREMIUM,WEST,FASHION,7,287.19,195.34,96.40,25.35,30.47,,2023-06-18T18:30:00.000Z
CLI_0270,Alice Johnson,reconcile143@test.com,TXN_00266,ITM_153,7/21/2023,66.47,PENDING,IN_TRANSIT,PREMIUM,SOUTH,ELECTRONICS,2,24.37,445.28,43.44,16.22,57.74,,2023-06-25T18:30:00.000Z
CLI_0276,Jane Doe,reconcile144@test.com,TXN_00455,ITM_056,4/26/2023,139.60,FAILED,DELIVERED,VIP,WEST,HOME,1,186.23,128.37,93.74,11.92,62.82,,2023-11-23T18:30:00.000Z
CLI_0391,Jane Doe,reconcile145@test.com,TXN_00769,ITM_070,9/9/2023,1022.05,PENDING,DELIVERED,PREMIUM,EAST,ELECTRONICS,8,112.99,745.07,98.62,15.32,44.53,,2023-07-14T18:30:00.000Z
CLI_0003,John Smith,reconcile146@test.com,TXN_00200,ITM_088,12/24/2023,167.07,PENDING,PENDING,PREMIUM,SOUTH,BOOKS,5,202.87,627.86,87.60,17.03,9.97,,2023-12-03T18:30:00.000Z
CLI_0103,Alice Johnson,reconcile147@test.com,TXN_00549,ITM_058,8/16/2023,824.13,COMPLETED,IN_TRANSIT,PREMIUM,NORTH,BOOKS,2,287.86,269.27,12.14,19.56,64.45,Additional processing required,2023-03-21T18:30:00.000Z
CLI_0373,Bob Wilson,reconcile148@test.com,TXN_00436,ITM_111,5/15/2023,750.34,FAILED,DELIVERED,STANDARD,NORTH,BOOKS,2,302.73,250.89,47.51,22.86,53.56,Additional processing required,2023-02-06T18:30:00.000Z
CLI_0236,Bob Wilson,reconcile149@test.com,TXN_00498,ITM_090,1/2/2023,150.71,PENDING,DELIVERED,STANDARD,SOUTH,FASHION,6,49.58,269.31,64.97,16.43,38.96,,2023-08-24T18:30:00.000Z
CLI_0486,Jane Doe,reconcile150@test.com,TXN_00094,ITM_050,5/22/2023,367.14,FAILED,PENDING,VIP,WEST,HOME,8,186.58,550.71,35.99,8.98,47.98,Additional processing required,2023-12-22T18:30:00.000Z
CLI_0329,John Smith,reconcile151@test.com,TXN_00224,ITM_143,4/6/2023,529.80,PENDING,DELIVERED,VIP,SOUTH,ELECTRONICS,4,106.68,780.21,43.51,10.32,9.83,,2023-03-16T18:30:00.000Z
CLI_0405,Bob Wilson,reconcile152@test.com,TXN_00667,ITM_130,6/18/2023,890.56,FAILED,IN_TRANSIT,PREMIUM,NORTH,HOME,2,84.98,226.60,21.45,17.31,53.65,,2023-12-02T18:30:00.000Z
CLI_0034,John Smith,reconcile153@test.com,TXN_00268,ITM_120,10/24/2023,497.81,COMPLETED,IN_TRANSIT,STANDARD,SOUTH,HOME,7,126.40,456.92,29.75,14.65,20.67,,2023-07-18T18:30:00.000Z
CLI_0316,Alice Johnson,reconcile154@test.com,TXN_00063,ITM_053,2/20/2023,795.69,COMPLETED,DELIVERED,VIP,EAST,FASHION,6,45.61,226.72,85.14,13.93,41.02,Additional processing required,2023-04-09T18:30:00.000Z
CLI_0114,Alice Johnson,reconcile155@test.com,TXN_00225,ITM_107,6/21/2023,271.92,COMPLETED,PENDING,VIP,WEST,ELECTRONICS,9,94.06,681.51,39.89,22.85,28.74,,2023-07-12T18:30:00.000Z
CLI_0017,Bob Wilson,reconcile156@test.com,TXN_00817,ITM_129,5/14/2023,125.24,FAILED,PENDING,STANDARD,EAST,HOME,5,114.25,300.83,2.06,5.30,21.80,Additional processing required,2023-01-13T18:30:00.000Z
CLI_0377,Jane Doe,reconcile157@test.com,TXN_00431,ITM_076,9/6/2023,273.57,PENDING,IN_TRANSIT,STANDARD,EAST,ELECTRONICS,9,274.15,360.88,82.37,25.29,15.11,,2023-06-10T18:30:00.000Z
CLI_0214,Bob Wilson,reconcile158@test.com,TXN_00690,ITM_033,6/6/2023,682.57,FAILED,DELIVERED,PREMIUM,EAST,HOME,7,76.71,710.92,41.87,5.37,48.17,,2023-09-02T18:30:00.000Z
CLI_0467,Jane Doe,reconcile159@test.com,TXN_00447,ITM_069,1/7/2023,1034.00,PENDING,PENDING,STANDARD,WEST,ELECTRONICS,7,287.73,658.22,73.07,22.41,26.48,Additional processing required,2023-04-26T18:30:00.000Z
CLI_0107,Bob Wilson,reconcile160@test.com,TXN_00338,ITM_185,6/21/2023,477.70,FAILED,IN_TRANSIT,PREMIUM,EAST,FASHION,6,241.47,826.13,7.87,5.94,23.53,,2023-05-27T18:30:00.000Z
CLI_0003,Alice Johnson,reconcile161@test.com,TXN_00358,ITM_164,5/16/2023,200.92,PENDING,IN_TRANSIT,PREMIUM,SOUTH,ELECTRONICS,1,297.86,100.41,0.23,18.11,59.76,,2023-07-24T18:30:00.000Z
CLI_0453,Jane Doe,reconcile162@test.com,TXN_00141,ITM_105,9/24/2023,235.84,PENDING,IN_TRANSIT,PREMIUM,WEST,FASHION,4,150.08,765.79,6.86,29.24,40.22,Additional processing required,2023-12-03T18:30:00.000Z
CLI_0484,Bob Wilson,reconcile163@test.com,TXN_00789,ITM_169,3/1/2023,868.94,FAILED,DELIVERED,PREMIUM,EAST,HOME,7,158.90,740.80,68.24,24.55,57.09,,2023-02-12T18:30:00.000Z
CLI_0467,Bob Wilson,reconcile164@test.com,TXN_00979,ITM_008,10/16/2023,58.21,COMPLETED,DELIVERED,STANDARD,EAST,ELECTRONICS,10,95.11,451.17,72.84,8.82,38.74,,2023-10-16T18:30:00.000Z
CLI_0190,Jane Doe,reconcile165@test.com,TXN_00683,ITM_131,3/5/2023,744.98,FAILED,PENDING,PREMIUM,SOUTH,BOOKS,7,88.96,766.90,94.07,25.13,12.76,,2023-03-19T18:30:00.000Z
CLI_0328,Bob Wilson,reconcile166@test.com,TXN_00274,ITM_073,6/26/2023,709.89,PENDING,IN_TRANSIT,VIP,NORTH,ELECTRONICS,4,87.07,391.91,21.36,28.45,18.11,Additional processing required,2023-11-30T18:30:00.000Z
CLI_0181,Jane Doe,reconcile167@test.com,TXN_00647,ITM_048,10/7/2023,91.80,COMPLETED,IN_TRANSIT,STANDARD,EAST,ELECTRONICS,7,274.87,591.82,99.00,6.85,10.65,,2023-04-24T18:30:00.000Z
CLI_0146,Alice Johnson,reconcile168@test.com,TXN_00282,ITM_163,2/24/2023,1031.09,PENDING,PENDING,STANDARD,SOUTH,FASHION,4,140.94,794.52,24.04,16.80,47.69,,2023-10-01T18:30:00.000Z
CLI_0492,John Smith,reconcile169@test.com,TXN_00336,ITM_001,12/19/2023,762.27,FAILED,DELIVERED,PREMIUM,NORTH,FASHION,1,93.17,718.93,74.27,27.30,41.46,,2023-06-26T18:30:00.000Z
CLI_0254,Jane Doe,reconcile170@test.com,TXN_00187,ITM_183,12/23/2023,454.32,PENDING,IN_TRANSIT,STANDARD,WEST,FASHION,3,48.00,779.76,98.15,19.32,56.27,,2023-08-03T18:30:00.000Z
CLI_0362,Jane Doe,reconcile171@test.com,TXN_00831,ITM_134,5/18/2023,680.00,PENDING,IN_TRANSIT,VIP,NORTH,ELECTRONICS,9,46.76,772.48,28.70,18.89,48.56,Additional processing required,2023-07-17T18:30:00.000Z
CLI_0171,Alice Johnson,reconcile172@test.com,TXN_00889,ITM_187,7/17/2023,308.53,COMPLETED,PENDING,STANDARD,WEST,HOME,8,206.69,114.00,92.27,7.26,43.76,,2023-10-07T18:30:00.000Z
CLI_0471,Jane Doe,reconcile173@test.com,TXN_00712,ITM_118,10/7/2023,596.48,COMPLETED,IN_TRANSIT,VIP,EAST,ELECTRONICS,8,59.79,894.77,72.92,24.48,34.41,Additional processing required,2023-06-21T18:30:00.000Z
CLI_0231,Bob Wilson,reconcile174@test.com,TXN_00570,ITM_015,6/5/2023,231.24,FAILED,IN_TRANSIT,PREMIUM,NORTH,FASHION,10,193.08,888.89,13.42,17.04,48.23,,2023-09-11T18:30:00.000Z
CLI_0175,Bob Wilson,reconcile175@test.com,TXN_00386,ITM_102,1/1/2023,431.92,COMPLETED,IN_TRANSIT,VIP,SOUTH,ELECTRONICS,4,297.46,451.90,97.94,12.04,21.61,,2023-10-23T18:30:00.000Z
CLI_0264,Jane Doe,reconcile176@test.com,TXN_00206,ITM_050,7/8/2023,442.96,COMPLETED,DELIVERED,VIP,NORTH,ELECTRONICS,6,51.95,891.06,72.95,29.97,59.16,Additional processing required,2023-04-22T18:30:00.000Z
CLI_0332,Bob Wilson,reconcile177@test.com,TXN_00186,ITM_054,5/20/2023,485.93,COMPLETED,IN_TRANSIT,STANDARD,NORTH,FASHION,1,132.51,775.39,16.44,28.27,17.63,,2023-04-25T18:30:00.000Z
CLI_0338,John Smith,reconcile178@test.com,TXN_00899,ITM_006,1/14/2023,351.08,FAILED,IN_TRANSIT,VIP,EAST,HOME,10,38.27,584.85,30.81,11.61,31.37,Additional processing required,2023-10-21T18:30:00.000Z
CLI_0378,Bob Wilson,reconcile179@test.com,TXN_00958,ITM_039,4/9/2023,316.57,FAILED,IN_TRANSIT,VIP,SOUTH,BOOKS,4,57.92,815.43,32.12,29.72,53.41,,2023-05-27T18:30:00.000Z
CLI_0038,John Smith,reconcile180@test.com,TXN_00015,ITM_105,6/16/2023,112.56,COMPLETED,IN_TRANSIT,VIP,WEST,HOME,10,249.16,859.69,74.05,20.75,6.45,,2023-02-13T18:30:00.000Z
CLI_0478,Jane Doe,reconcile181@test.com,TXN_00379,ITM_140,3/7/2023,124.55,FAILED,DELIVERED,VIP,NORTH,BOOKS,9,197.04,611.81,34.22,26.59,35.32,,2023-07-16T18:30:00.000Z
CLI_0234,John Smith,reconcile182@test.com,TXN_00076,ITM_036,3/24/2023,444.85,COMPLETED,IN_TRANSIT,STANDARD,SOUTH,FASHION,4,285.16,720.88,7.70,26.08,21.84,,2023-09-15T18:30:00.000Z
CLI_0172,Alice Johnson,reconcile183@test.com,TXN_00400,ITM_128,6/23/2023,926.36,COMPLETED,IN_TRANSIT,VIP,EAST,BOOKS,2,121.13,231.44,79.72,22.66,53.25,Additional processing required,2023-02-24T18:30:00.000Z
CLI_0245,John Smith,reconcile184@test.com,TXN_00504,ITM_193,6/19/2023,654.00,COMPLETED,PENDING,VIP,WEST,HOME,9,151.60,311.40,63.45,10.41,54.46,,2023-08-10T18:30:00.000Z
CLI_0460,Jane Doe,reconcile185@test.com,TXN_00742,ITM_015,7/19/2023,616.48,COMPLETED,PENDING,STANDARD,WEST,FASHION,4,88.82,252.58,4.34,24.96,10.43,,2023-02-13T18:30:00.000Z
CLI_0422,John Smith,reconcile186@test.com,TXN_00034,ITM_166,3/13/2023,179.59,PENDING,IN_TRANSIT,STANDARD,WEST,HOME,4,97.15,569.48,6.80,18.21,10.96,Additional processing required,2023-10-13T18:30:00.000Z
CLI_0359,Bob Wilson,reconcile187@test.com,TXN_00650,ITM_198,4/27/2023,362.40,PENDING,PENDING,PREMIUM,EAST,BOOKS,5,151.78,115.44,21.87,20.95,24.46,,2023-08-10T18:30:00.000Z
CLI_0283,Jane Doe,reconcile188@test.com,TXN_00051,ITM_118,10/17/2023,763.40,FAILED,PENDING,STANDARD,SOUTH,BOOKS,2,55.74,410.71,35.05,26.92,35.07,,2023-12-24T18:30:00.000Z
CLI_0458,Jane Doe,reconcile189@test.com,TXN_00085,ITM_086,3/26/2023,197.85,PENDING,DELIVERED,STANDARD,EAST,FASHION,2,192.22,653.56,85.43,22.71,43.23,,2023-06-16T18:30:00.000Z
CLI_0232,John Smith,reconcile190@test.com,TXN_00272,ITM_113,8/18/2023,299.07,COMPLETED,PENDING,STANDARD,NORTH,BOOKS,9,111.11,711.06,81.82,17.96,40.16,,2023-08-06T18:30:00.000Z
CLI_0437,John Smith,reconcile191@test.com,TXN_00789,ITM_178,2/21/2023,1047.08,PENDING,DELIVERED,STANDARD,WEST,FASHION,3,284.53,485.47,69.20,11.72,43.42,,2023-10-26T18:30:00.000Z
CLI_0171,John Smith,reconcile192@test.com,TXN_00756,ITM_062,4/12/2023,782.49,FAILED,PENDING,VIP,NORTH,HOME,5,27.12,605.10,67.14,23.06,57.11,,2023-09-11T18:30:00.000Z
CLI_0337,Jane Doe,reconcile193@test.com,TXN_00236,ITM_187,2/24/2023,300.20,PENDING,DELIVERED,VIP,EAST,HOME,9,160.04,772.24,0.27,10.10,8.62,,2023-03-19T18:30:00.000Z
CLI_0396,John Smith,reconcile194@test.com,TXN_00064,ITM_055,11/23/2023,117.99,COMPLETED,DELIVERED,STANDARD,EAST,FASHION,6,204.73,861.36,30.43,8.00,33.36,,2023-08-27T18:30:00.000Z
CLI_0368,Alice Johnson,reconcile195@test.com,TXN_00720,ITM_193,2/26/2023,256.20,PENDING,IN_TRANSIT,STANDARD,WEST,FASHION,4,117.90,410.65,24.48,16.81,7.30,,2023-04-07T18:30:00.000Z
CLI_0291,Bob Wilson,reconcile196@test.com,TXN_00779,ITM_063,2/15/2023,466.44,PENDING,PENDING,VIP,NORTH,HOME,8,200.24,658.92,60.79,24.11,43.06,,2023-12-16T18:30:00.000Z
CLI_0036,Bob Wilson,reconcile197@test.com,TXN_00455,ITM_024,12/17/2023,891.91,PENDING,PENDING,VIP,EAST,HOME,4,132.90,212.67,90.47,16.12,33.44,,2023-07-20T18:30:00.000Z
CLI_0015,Jane Doe,reconcile198@test.com,TXN_00140,ITM_032,2/5/2023,986.30,COMPLETED,DELIVERED,STANDARD,SOUTH,BOOKS,10,202.43,774.97,68.95,5.48,40.02,,2023-11-06T18:30:00.000Z
CLI_0486,John Smith,reconcile199@test.com,TXN_00556,ITM_051,10/17/2023,697.67,PENDING,DELIVERED,VIP,NORTH,FASHION,5,177.30,418.25,74.27,18.13,39.52,,2023-11-15T18:30:00.000Z
CLI_0429,Jane Doe,reconcile200@test.com,TXN_00373,ITM_043,1/7/2023,679.58,FAILED,PENDING,VIP,SOUTH,FASHION,2,29.09,623.99,14.38,20.85,58.92,,2023-02-11T18:30:00.000Z
CLI_0289,John Smith,reconcile201@test.com,TXN_00410,ITM_156,3/22/2023,534.97,FAILED,IN_TRANSIT,STANDARD,EAST,HOME,1,269.07,571.91,48.68,22.67,33.48,,2023-10-22T18:30:00.000Z
CLI_0380,Bob Wilson,reconcile202@test.com,TXN_00780,ITM_126,12/12/2023,156.07,PENDING,PENDING,PREMIUM,WEST,FASHION,8,293.45,487.52,84.88,29.71,60.79,Additional processing required,2023-10-07T18:30:00.000Z
CLI_0138,Bob Wilson,reconcile203@test.com,TXN_00891,ITM_162,1/24/2023,317.08,COMPLETED,IN_TRANSIT,VIP,NORTH,FASHION,9,273.92,626.75,47.77,14.48,32.95,,2023-10-16T18:30:00.000Z
CLI_0069,Alice Johnson,reconcile204@test.com,TXN_00873,ITM_181,2/28/2023,523.53,PENDING,IN_TRANSIT,VIP,EAST,FASHION,3,124.57,542.72,75.59,17.09,38.30,Additional processing required,2023-05-26T18:30:00.000Z
CLI_0208,Bob Wilson,reconcile205@test.com,TXN_00964,ITM_142,9/11/2023,897.39,FAILED,PENDING,VIP,SOUTH,BOOKS,3,132.22,500.27,91.38,24.97,13.91,Additional processing required,2023-04-17T18:30:00.000Z
CLI_0496,Alice Johnson,reconcile206@test.com,TXN_00476,ITM_011,4/28/2023,195.05,PENDING,DELIVERED,STANDARD,EAST,ELECTRONICS,9,198.48,503.39,71.57,24.89,19.92,,2023-12-22T18:30:00.000Z
CLI_0032,Jane Doe,reconcile207@test.com,TXN_00860,ITM_124,12/9/2023,523.10,FAILED,IN_TRANSIT,VIP,SOUTH,BOOKS,4,96.24,194.75,6.75,27.56,46.09,,2023-04-19T18:30:00.000Z
CLI_0314,Alice Johnson,reconcile208@test.com,TXN_00487,ITM_040,12/12/2023,1026.41,FAILED,DELIVERED,STANDARD,NORTH,HOME,7,240.90,761.55,83.03,7.11,49.20,,2023-02-14T18:30:00.000Z
CLI_0477,Bob Wilson,reconcile209@test.com,TXN_00180,ITM_151,8/16/2023,626.68,FAILED,PENDING,VIP,SOUTH,ELECTRONICS,10,202.71,512.12,3.81,11.89,33.72,,2023-04-07T18:30:00.000Z
CLI_0447,Alice Johnson,reconcile210@test.com,TXN_00431,ITM_193,3/13/2023,234.81,FAILED,IN_TRANSIT,PREMIUM,WEST,HOME,1,27.47,888.96,83.09,8.28,29.13,,2023-01-06T18:30:00.000Z
CLI_0365,Jane Doe,reconcile211@test.com,TXN_00450,ITM_144,9/16/2023,797.99,FAILED,PENDING,PREMIUM,EAST,FASHION,10,92.93,303.08,96.75,26.14,31.02,,2023-05-20T18:30:00.000Z
CLI_0240,John Smith,reconcile212@test.com,TXN_00749,ITM_199,6/24/2023,862.23,COMPLETED,IN_TRANSIT,STANDARD,EAST,FASHION,4,12.82,647.98,89.83,23.66,14.43,,2023-11-11T18:30:00.000Z
CLI_0458,Bob Wilson,reconcile213@test.com,TXN_00723,ITM_159,9/15/2023,828.77,PENDING,PENDING,STANDARD,NORTH,FASHION,9,253.89,560.16,68.67,17.54,59.72,Additional processing required,2023-03-05T18:30:00.000Z
CLI_0294,Bob Wilson,reconcile214@test.com,TXN_00316,ITM_160,12/5/2023,930.77,FAILED,PENDING,PREMIUM,WEST,FASHION,1,71.15,336.49,86.12,14.82,62.94,Additional processing required,2023-03-03T18:30:00.000Z
CLI_0384,Bob Wilson,reconcile215@test.com,TXN_00368,ITM_010,7/4/2023,171.35,PENDING,DELIVERED,VIP,WEST,BOOKS,3,89.52,846.52,81.44,25.27,53.23,,2023-09-19T18:30:00.000Z
CLI_0350,Bob Wilson,reconcile216@test.com,TXN_00439,ITM_093,8/8/2023,488.64,PENDING,IN_TRANSIT,STANDARD,SOUTH,HOME,7,177.62,680.60,73.30,9.18,10.76,,2023-11-06T18:30:00.000Z
CLI_0231,Bob Wilson,reconcile217@test.com,TXN_00196,ITM_168,7/10/2023,106.71,COMPLETED,PENDING,STANDARD,WEST,BOOKS,7,170.01,862.36,57.12,14.94,28.94,,2023-04-14T18:30:00.000Z
CLI_0015,John Smith,reconcile218@test.com,TXN_00875,ITM_022,5/19/2023,263.32,COMPLETED,PENDING,PREMIUM,WEST,BOOKS,8,279.51,479.82,28.92,20.79,55.91,Additional processing required,2023-12-22T18:30:00.000Z
CLI_0284,Alice Johnson,reconcile219@test.com,TXN_00901,ITM_179,9/27/2023,972.64,FAILED,DELIVERED,STANDARD,EAST,HOME,10,209.37,317.03,8.94,23.68,22.11,Additional processing required,2023-02-27T18:30:00.000Z
CLI_0093,Bob Wilson,reconcile220@test.com,TXN_00379,ITM_088,2/28/2023,511.68,COMPLETED,DELIVERED,VIP,NORTH,ELECTRONICS,10,154.63,774.91,1.04,11.35,8.41,,2023-10-31T18:30:00.000Z
CLI_0484,Alice Johnson,reconcile221@test.com,TXN_00108,ITM_063,11/24/2023,660.06,PENDING,IN_TRANSIT,VIP,EAST,FASHION,8,48.74,358.69,3.70,25.07,64.35,Additional processing required,2023-08-24T18:30:00.000Z
CLI_0380,Bob Wilson,reconcile222@test.com,TXN_00448,ITM_019,6/11/2023,608.06,COMPLETED,PENDING,VIP,WEST,ELECTRONICS,5,124.26,285.85,70.73,16.70,45.34,,2023-09-13T18:30:00.000Z
CLI_0047,John Smith,reconcile223@test.com,TXN_00518,ITM_153,3/11/2023,858.26,FAILED,DELIVERED,STANDARD,EAST,FASHION,6,226.86,450.31,3.70,24.86,59.74,,2023-06-16T18:30:00.000Z
CLI_0304,Bob Wilson,reconcile224@test.com,TXN_00768,ITM_066,5/12/2023,111.17,FAILED,IN_TRANSIT,VIP,EAST,HOME,3,187.47,731.15,92.24,22.62,31.27,,2023-06-03T18:30:00.000Z
CLI_0132,John Smith,reconcile225@test.com,TXN_00673,ITM_034,4/15/2023,538.19,PENDING,PENDING,VIP,NORTH,ELECTRONICS,10,129.22,742.04,18.72,22.13,38.23,,2023-06-18T18:30:00.000Z
CLI_0341,Jane Doe,reconcile226@test.com,TXN_00665,ITM_140,6/1/2023,486.19,FAILED,PENDING,VIP,NORTH,BOOKS,10,132.52,312.66,14.37,14.08,49.19,,2023-05-19T18:30:00.000Z
CLI_0473,Bob Wilson,reconcile227@test.com,TXN_00844,ITM_184,3/1/2023,564.49,COMPLETED,DELIVERED,VIP,NORTH,BOOKS,1,102.63,205.27,77.86,28.21,29.28,,2023-06-17T18:30:00.000Z
CLI_0002,Bob Wilson,reconcile228@test.com,TXN_00409,ITM_162,2/15/2023,741.33,COMPLETED,DELIVERED,STANDARD,WEST,ELECTRONICS,8,210.91,667.94,26.19,16.33,9.30,Additional processing required,2023-05-07T18:30:00.000Z
CLI_0425,Bob Wilson,reconcile229@test.com,TXN_00690,ITM_003,6/5/2023,616.79,PENDING,PENDING,VIP,NORTH,BOOKS,1,99.41,794.81,87.00,7.41,64.46,Additional processing required,2023-01-19T18:30:00.000Z
CLI_0442,Jane Doe,reconcile230@test.com,TXN_00072,ITM_049,8/22/2023,114.85,COMPLETED,PENDING,VIP,SOUTH,HOME,5,202.35,490.57,97.51,10.76,50.57,,2023-08-11T18:30:00.000Z
CLI_0139,Bob Wilson,reconcile231@test.com,TXN_00531,ITM_111,3/27/2023,566.97,FAILED,IN_TRANSIT,VIP,SOUTH,ELECTRONICS,7,118.73,347.23,30.29,11.03,64.20,,2023-12-17T18:30:00.000Z
CLI_0226,Jane Doe,reconcile232@test.com,TXN_00744,ITM_157,11/8/2023,908.36,COMPLETED,IN_TRANSIT,PREMIUM,WEST,HOME,8,239.72,503.98,1.12,6.32,29.43,,2023-08-08T18:30:00.000Z
CLI_0010,John Smith,reconcile233@test.com,TXN_00711,ITM_062,4/27/2023,213.59,FAILED,IN_TRANSIT,STANDARD,EAST,BOOKS,9,252.44,564.87,93.40,22.11,22.89,Additional processing required,2023-02-17T18:30:00.000Z
CLI_0207,John Smith,reconcile234@test.com,TXN_00240,ITM_134,10/1/2023,912.45,COMPLETED,PENDING,STANDARD,NORTH,BOOKS,8,282.72,707.35,87.80,21.90,24.12,,2023-12-05T18:30:00.000Z
CLI_0149,Bob Wilson,reconcile235@test.com,TXN_00526,ITM_118,10/18/2023,880.12,FAILED,IN_TRANSIT,VIP,EAST,HOME,8,215.12,584.60,21.15,25.84,52.21,,2023-11-26T18:30:00.000Z
CLI_0046,John Smith,reconcile236@test.com,TXN_00575,ITM_172,11/7/2023,275.18,COMPLETED,IN_TRANSIT,STANDARD,WEST,HOME,2,172.00,595.94,20.76,19.40,30.25,,2023-11-26T18:30:00.000Z
CLI_0182,Alice Johnson,reconcile237@test.com,TXN_00834,ITM_009,2/3/2023,755.02,FAILED,IN_TRANSIT,VIP,EAST,FASHION,6,289.57,638.90,99.54,26.53,49.86,,2023-01-25T18:30:00.000Z
CLI_0059,Alice Johnson,reconcile238@test.com,TXN_00002,ITM_037,11/28/2023,424.14,FAILED,IN_TRANSIT,VIP,WEST,ELECTRONICS,3,112.60,484.21,17.07,20.13,58.45,,2023-09-18T18:30:00.000Z
CLI_0382,Jane Doe,reconcile239@test.com,TXN_00237,ITM_042,2/17/2023,170.76,FAILED,PENDING,STANDARD,WEST,HOME,4,133.34,812.70,88.64,17.57,8.28,,2023-02-13T18:30:00.000Z
CLI_0322,Bob Wilson,reconcile240@test.com,TXN_00921,ITM_043,2/12/2023,561.70,COMPLETED,DELIVERED,STANDARD,WEST,ELECTRONICS,1,158.05,672.64,54.26,18.36,19.30,,2023-03-21T18:30:00.000Z
CLI_0285,John Smith,reconcile241@test.com,TXN_00767,ITM_186,10/7/2023,357.32,COMPLETED,DELIVERED,PREMIUM,EAST,ELECTRONICS,6,24.04,886.53,58.21,10.69,51.91,Additional processing required,2023-05-25T18:30:00.000Z
CLI_0193,Bob Wilson,reconcile242@test.com,TXN_00940,ITM_168,1/10/2023,1043.39,COMPLETED,DELIVERED,VIP,SOUTH,BOOKS,7,147.06,711.60,94.52,11.30,15.61,Additional processing required,2023-04-23T18:30:00.000Z
CLI_0056,Jane Doe,reconcile243@test.com,TXN_00408,ITM_035,8/5/2023,146.99,PENDING,DELIVERED,STANDARD,EAST,HOME,7,14.49,545.39,84.84,13.44,61.21,,2023-06-12T18:30:00.000Z
CLI_0071,Bob Wilson,reconcile244@test.com,TXN_00815,ITM_122,11/25/2023,988.56,FAILED,PENDING,STANDARD,SOUTH,FASHION,3,62.26,234.18,39.86,12.76,7.91,,2023-10-16T18:30:00.000Z
CLI_0315,Alice Johnson,reconcile245@test.com,TXN_00399,ITM_066,9/17/2023,639.17,COMPLETED,IN_TRANSIT,VIP,SOUTH,FASHION,6,219.76,719.64,31.68,11.97,13.59,Additional processing required,2023-08-04T18:30:00.000Z
CLI_0340,Jane Doe,reconcile246@test.com,TXN_00132,ITM_177,11/2/2023,597.28,FAILED,DELIVERED,STANDARD,NORTH,HOME,4,79.85,449.59,63.02,21.71,53.63,,2023-06-22T18:30:00.000Z
CLI_0002,Jane Doe,reconcile247@test.com,TXN_00532,ITM_083,7/13/2023,637.73,COMPLETED,DELIVERED,VIP,WEST,FASHION,8,32.92,204.61,88.20,25.95,48.41,,2023-12-27T18:30:00.000Z
CLI_0232,Alice Johnson,reconcile248@test.com,TXN_00754,ITM_064,8/8/2023,819.65,COMPLETED,DELIVERED,STANDARD,NORTH,FASHION,7,87.73,445.43,2.78,27.43,19.78,Additional processing required,2023-08-21T18:30:00.000Z
CLI_0084,John Smith,reconcile249@test.com,TXN_00423,ITM_095,3/13/2023,531.60,COMPLETED,DELIVERED,VIP,EAST,FASHION,10,266.12,547.79,29.42,22.15,27.62,,2023-03-27T18:30:00.000Z
CLI_0284,Bob Wilson,reconcile250@test.com,TXN_00195,ITM_182,3/10/2023,686.32,COMPLETED,IN_TRANSIT,VIP,EAST,FASHION,2,171.23,357.43,52.57,5.25,51.94,,2023-04-17T18:30:00.000Z
CLI_0246,Bob Wilson,reconcile251@test.com,TXN_00163,ITM_098,11/11/2023,561.55,FAILED,DELIVERED,PREMIUM,WEST,ELECTRONICS,10,199.34,898.45,13.99,6.81,46.77,,2023-12-05T18:30:00.000Z
CLI_0263,Jane Doe,reconcile252@test.com,TXN_00499,ITM_119,6/22/2023,412.82,PENDING,IN_TRANSIT,PREMIUM,WEST,FASHION,3,234.98,816.32,64.95,16.70,17.65,,2023-02-05T18:30:00.000Z
CLI_0360,Bob Wilson,reconcile253@test.com,TXN_00728,ITM_005,9/5/2023,204.45,COMPLETED,PENDING,STANDARD,EAST,FASHION,5,241.23,827.67,47.37,28.09,44.59,,2023-05-24T18:30:00.000Z
CLI_0032,Alice Johnson,reconcile254@test.com,TXN_00936,ITM_094,2/20/2023,631.41,FAILED,IN_TRANSIT,PREMIUM,NORTH,ELECTRONICS,10,125.59,380.42,42.28,23.85,51.89,,2023-03-23T18:30:00.000Z
CLI_0186,Jane Doe,reconcile255@test.com,TXN_00752,ITM_074,9/3/2023,963.71,PENDING,IN_TRANSIT,PREMIUM,SOUTH,BOOKS,2,128.91,546.38,12.51,17.38,37.25,Additional processing required,2023-08-05T18:30:00.000Z
CLI_0466,Bob Wilson,reconcile256@test.com,TXN_00709,ITM_112,7/15/2023,1019.77,PENDING,IN_TRANSIT,PREMIUM,NORTH,BOOKS,2,143.83,345.38,48.34,28.15,49.43,Additional processing required,2023-09-11T18:30:00.000Z
CLI_0372,Bob Wilson,reconcile257@test.com,TXN_00807,ITM_169,3/15/2023,1032.17,COMPLETED,IN_TRANSIT,VIP,WEST,ELECTRONICS,7,51.67,801.07,1.13,14.77,20.49,,2023-12-16T18:30:00.000Z
CLI_0453,Jane Doe,reconcile258@test.com,TXN_00992,ITM_149,10/7/2023,963.04,COMPLETED,IN_TRANSIT,PREMIUM,EAST,FASHION,7,285.76,169.29,44.46,26.12,40.01,,2023-04-08T18:30:00.000Z
CLI_0450,Bob Wilson,reconcile259@test.com,TXN_00645,ITM_062,7/9/2023,330.50,FAILED,DELIVERED,VIP,EAST,FASHION,9,110.51,700.26,35.28,13.11,17.78,Additional processing required,2023-02-14T18:30:00.000Z
CLI_0320,Jane Doe,reconcile260@test.com,TXN_00527,ITM_018,10/20/2023,544.85,COMPLETED,PENDING,VIP,WEST,HOME,6,227.93,682.02,18.32,20.82,63.99,Additional processing required,2023-04-16T18:30:00.000Z
CLI_0350,Bob Wilson,reconcile261@test.com,TXN_00447,ITM_060,2/14/2023,591.51,COMPLETED,IN_TRANSIT,STANDARD,SOUTH,BOOKS,10,283.33,445.83,53.19,5.16,20.03,,2023-04-12T18:30:00.000Z
CLI_0350,John Smith,reconcile262@test.com,TXN_00039,ITM_076,9/20/2023,403.09,PENDING,PENDING,VIP,SOUTH,BOOKS,6,261.98,357.87,63.72,29.49,24.42,Additional processing required,2023-05-24T18:30:00.000Z
CLI_0394,John Smith,reconcile263@test.com,TXN_00784,ITM_149,7/16/2023,332.40,PENDING,PENDING,VIP,NORTH,HOME,2,37.59,330.33,56.66,16.56,26.40,Additional processing required,2023-04-11T18:30:00.000Z
CLI_0016,Bob Wilson,reconcile264@test.com,TXN_00099,ITM_150,10/9/2023,802.12,COMPLETED,IN_TRANSIT,STANDARD,WEST,HOME,4,152.71,225.25,33.22,25.92,37.53,Additional processing required,2023-02-16T18:30:00.000Z
CLI_0416,John Smith,reconcile265@test.com,TXN_00688,ITM_110,10/24/2023,206.84,FAILED,IN_TRANSIT,PREMIUM,WEST,FASHION,1,261.56,443.55,70.69,16.86,41.23,,2023-06-24T18:30:00.000Z
CLI_0095,Bob Wilson,reconcile266@test.com,TXN_00708,ITM_053,11/27/2023,621.11,COMPLETED,DELIVERED,PREMIUM,EAST,FASHION,6,46.39,819.77,1.74,24.39,40.24,,2023-08-15T18:30:00.000Z
CLI_0077,Jane Doe,reconcile267@test.com,TXN_00893,ITM_150,2/23/2023,166.14,PENDING,DELIVERED,PREMIUM,SOUTH,FASHION,10,67.03,586.35,36.64,22.54,54.79,,2023-03-20T18:30:00.000Z
CLI_0257,Alice Johnson,reconcile268@test.com,TXN_00527,ITM_172,11/21/2023,209.45,FAILED,DELIVERED,VIP,WEST,HOME,6,110.45,815.53,79.92,22.31,12.17,,2023-03-15T18:30:00.000Z
CLI_0418,Bob Wilson,reconcile269@test.com,TXN_00225,ITM_186,10/15/2023,691.14,PENDING,PENDING,PREMIUM,EAST,HOME,5,231.55,351.94,41.43,11.42,30.58,Additional processing required,2023-05-24T18:30:00.000Z
CLI_0224,Bob Wilson,reconcile270@test.com,TXN_00356,ITM_056,1/3/2023,606.12,PENDING,DELIVERED,STANDARD,SOUTH,BOOKS,1,276.31,128.63,34.26,17.68,49.95,,2023-11-25T18:30:00.000Z
CLI_0080,Alice Johnson,reconcile271@test.com,TXN_00020,ITM_012,5/14/2023,383.82,PENDING,PENDING,PREMIUM,EAST,BOOKS,1,204.89,697.38,73.30,21.69,51.77,Additional processing required,2023-07-06T18:30:00.000Z
CLI_0128,Jane Doe,reconcile272@test.com,TXN_00696,ITM_012,9/3/2023,705.51,COMPLETED,IN_TRANSIT,VIP,WEST,ELECTRONICS,3,130.68,486.45,13.94,27.15,33.75,,2023-08-12T18:30:00.000Z
CLI_0097,Alice Johnson,reconcile273@test.com,TXN_00676,ITM_048,9/25/2023,529.37,COMPLETED,PENDING,STANDARD,NORTH,FASHION,6,25.97,484.91,99.73,28.57,18.00,,2023-06-02T18:30:00.000Z
CLI_0247,Alice Johnson,reconcile274@test.com,TXN_00285,ITM_199,8/25/2023,259.74,COMPLETED,PENDING,VIP,WEST,BOOKS,3,204.61,669.65,97.91,9.41,41.97,,2023-02-21T18:30:00.000Z
CLI_0468,Alice Johnson,reconcile275@test.com,TXN_00795,ITM_071,2/17/2023,99.17,FAILED,IN_TRANSIT,PREMIUM,EAST,BOOKS,3,89.30,781.23,15.71,17.69,38.90,Additional processing required,2023-10-26T18:30:00.000Z
CLI_0320,Jane Doe,reconcile276@test.com,TXN_00620,ITM_072,8/22/2023,128.80,FAILED,DELIVERED,PREMIUM,EAST,BOOKS,9,204.74,554.29,69.69,7.67,33.30,,2023-02-22T18:30:00.000Z
CLI_0498,Alice Johnson,reconcile277@test.com,TXN_00521,ITM_186,12/3/2023,194.23,PENDING,PENDING,STANDARD,SOUTH,HOME,9,278.49,235.97,40.71,28.04,61.37,Additional processing required,2023-12-18T18:30:00.000Z
CLI_0475,John Smith,reconcile278@test.com,TXN_00198,ITM_024,6/19/2023,1006.77,COMPLETED,PENDING,PREMIUM,NORTH,FASHION,3,30.89,201.61,0.50,15.91,9.00,,2023-08-21T18:30:00.000Z
CLI_0314,Alice Johnson,reconcile279@test.com,TXN_00121,ITM_131,4/2/2023,472.49,FAILED,DELIVERED,STANDARD,SOUTH,ELECTRONICS,1,141.66,179.41,34.83,14.05,42.12,,2023-11-20T18:30:00.000Z
CLI_0486,John Smith,reconcile280@test.com,TXN_00162,ITM_046,10/24/2023,171.72,FAILED,PENDING,VIP,SOUTH,BOOKS,6,164.77,547.57,36.54,12.77,11.55,,2023-08-13T18:30:00.000Z
CLI_0306,Jane Doe,reconcile281@test.com,TXN_00840,ITM_028,10/23/2023,845.72,FAILED,DELIVERED,PREMIUM,WEST,HOME,10,99.64,883.01,16.16,16.89,32.63,,2023-12-09T18:30:00.000Z
CLI_0168,Bob Wilson,reconcile282@test.com,TXN_00629,ITM_057,9/12/2023,592.66,FAILED,PENDING,STANDARD,WEST,ELECTRONICS,4,214.02,212.35,34.90,14.89,38.87,Additional processing required,2023-02-07T18:30:00.000Z
CLI_0027,Jane Doe,reconcile283@test.com,TXN_00429,ITM_119,7/14/2023,636.81,COMPLETED,IN_TRANSIT,STANDARD,NORTH,ELECTRONICS,5,162.81,214.25,0.93,16.67,20.45,,2023-07-17T18:30:00.000Z
CLI_0339,John Smith,reconcile284@test.com,TXN_00309,ITM_167,2/20/2023,345.00,PENDING,IN_TRANSIT,VIP,EAST,ELECTRONICS,7,36.11,559.85,44.31,23.75,35.81,Additional processing required,2023-06-27T18:30:00.000Z
CLI_0340,Alice Johnson,reconcile285@test.com,TXN_00094,ITM_122,3/24/2023,204.95,FAILED,PENDING,PREMIUM,EAST,FASHION,9,24.19,621.56,22.33,26.20,29.53,,2023-06-14T18:30:00.000Z
CLI_0191,Alice Johnson,reconcile286@test.com,TXN_00819,ITM_193,10/17/2023,1001.31,FAILED,DELIVERED,VIP,SOUTH,FASHION,10,78.21,157.06,61.72,16.37,32.97,,2023-06-21T18:30:00.000Z
CLI_0072,Alice Johnson,reconcile287@test.com,TXN_00603,ITM_036,5/12/2023,609.26,COMPLETED,IN_TRANSIT,PREMIUM,WEST,ELECTRONICS,7,128.26,267.41,34.28,19.14,51.45,Additional processing required,2023-02-16T18:30:00.000Z
CLI_0491,John Smith,reconcile288@test.com,TXN_00292,ITM_067,11/3/2023,355.98,PENDING,DELIVERED,VIP,NORTH,BOOKS,4,109.60,577.45,27.46,10.32,26.24,Additional processing required,2023-01-23T18:30:00.000Z
CLI_0077,Alice Johnson,reconcile289@test.com,TXN_00758,ITM_060,3/20/2023,901.28,PENDING,PENDING,VIP,SOUTH,FASHION,3,305.58,264.20,24.68,5.86,41.40,Additional processing required,2023-10-15T18:30:00.000Z
CLI_0256,Alice Johnson,reconcile290@test.com,TXN_00501,ITM_178,9/22/2023,271.18,COMPLETED,DELIVERED,STANDARD,SOUTH,HOME,6,11.39,806.39,38.87,14.84,58.24,Additional processing required,2023-11-14T18:30:00.000Z
CLI_0213,Bob Wilson,reconcile291@test.com,TXN_00376,ITM_191,7/15/2023,631.31,PENDING,PENDING,STANDARD,NORTH,FASHION,6,266.19,897.59,84.71,22.14,44.73,,2023-07-13T18:30:00.000Z
CLI_0165,Alice Johnson,reconcile292@test.com,TXN_00910,ITM_014,9/2/2023,658.36,COMPLETED,PENDING,VIP,SOUTH,ELECTRONICS,4,130.70,154.68,11.58,21.76,8.99,,2023-07-21T18:30:00.000Z
CLI_0489,Jane Doe,reconcile293@test.com,TXN_00666,ITM_149,10/22/2023,985.21,PENDING,DELIVERED,STANDARD,NORTH,ELECTRONICS,7,49.16,532.16,85.89,18.37,55.92,Additional processing required,2023-02-25T18:30:00.000Z
CLI_0442,John Smith,reconcile294@test.com,TXN_00532,ITM_152,9/26/2023,571.17,PENDING,DELIVERED,PREMIUM,EAST,ELECTRONICS,3,239.18,338.84,23.64,5.74,56.84,Additional processing required,2023-02-04T18:30:00.000Z
CLI_0192,Bob Wilson,reconcile295@test.com,TXN_00112,ITM_116,10/1/2023,223.36,PENDING,DELIVERED,VIP,WEST,HOME,8,282.54,305.09,79.38,26.45,25.49,,2023-10-06T18:30:00.000Z
CLI_0442,Alice Johnson,reconcile296@test.com,TXN_00871,ITM_063,1/9/2023,194.75,COMPLETED,IN_TRANSIT,VIP,SOUTH,FASHION,7,141.05,228.39,62.48,17.62,19.77,,2023-11-27T18:30:00.000Z
CLI_0242,John Smith,reconcile297@test.com,TXN_00164,ITM_024,2/9/2023,600.84,PENDING,PENDING,VIP,EAST,ELECTRONICS,4,201.04,418.13,9.97,19.24,37.92,,2023-06-13T18:30:00.000Z
CLI_0366,Alice Johnson,reconcile298@test.com,TXN_00196,ITM_065,8/23/2023,763.83,COMPLETED,DELIVERED,VIP,SOUTH,HOME,6,213.37,209.38,50.20,14.11,24.27,Additional processing required,2023-06-05T18:30:00.000Z
CLI_0482,Bob Wilson,reconcile299@test.com,TXN_00712,ITM_190,8/20/2023,867.94,PENDING,PENDING,VIP,SOUTH,FASHION,4,288.44,768.57,81.64,23.57,35.15,Additional processing required,2023-10-13T18:30:00.000Z
CLI_0033,John Smith,reconcile300@test.com,TXN_00567,ITM_029,1/15/2023,77.92,FAILED,IN_TRANSIT,STANDARD,EAST,HOME,2,251.85,761.76,3.15,11.60,17.69,,2023-06-04T18:30:00.000Z